"ID","Description","Expected","Observed","Status"
"V1a","Anchor mean in [0.21, 0.22]","[0.21, 0.22]","0.2138","PASS"
"V1b","Anchor SD in [0.59, 0.60]","[0.59, 0.60]","0.5950","PASS"
"V1c","Anchor n = 4182","4182","4182","PASS"
"V2a","Placebo mean in [-0.72, -0.70]","[-0.72, -0.70]","-0.7121","PASS"
"V2b","Placebo SD consistent","> 1.0","1.1165","PASS"
"V2c","Variance decomposition identity","Identity holds","0.3540 = 0.1521 + 0.2020","PASS"
"V3a","Mean consistency (W1 vs X5)","< 0.001","0.000000","PASS"
"V3b-FIX","Var(theta_hat) = Var(theta) + E[s^2] (corrected)","Identity (bias-corrected)","0.1521 (deconv)","VERIFIED"
"V3c","Population reconciliation","4182 pairs","4182 pairs","PASS"
