"panel","year","threshold_name","threshold_value","n_exceed","thin_flag","ln_mu","ln_sigma","ln_status","gpd_xi","gpd_sigma","gpd_status","vuong_stat","vuong_p","winner"
"real",1988,"p90",83.3277000000006,823,"",2.10150377631268,2.77601726219926,"converged",NA,NA,"failed:0",NA,NA,"no_comparison"
"real",1988,"p95",270.01463065,412,"",4.9930825898837,1.99651245095272,"converged",NA,NA,"failed:0",NA,NA,"no_comparison"
"real",1988,"p97.5",846.014048074999,206,"",2.66341863676518,2.54956691664186,"converged",0.379553173469668,3638.23817557279,"converged",4.62471664796988,3.75110832573338e-06,"LN"
"real",1988,"p99",2475.8064544,83,"",4.38528214165607,2.19622678082028,"converged",0.248332593834797,7178.75025078143,"converged",1.93526379813518,0.0529579323820075,"neither"
"real",1989,"p90",140.3720608,945,"",3.1144086731304,2.46382234607467,"converged",NA,NA,"failed:0",NA,NA,"no_comparison"
"real",1989,"p95",438.3931269,473,"",4.23009086230108,2.17357173236589,"converged",NA,NA,"failed:0",NA,NA,"no_comparison"
"real",1989,"p97.5",1162.4325308,237,"",-1.2568674324177,3.16285028640494,"converged",NA,NA,"failed:0",NA,NA,"no_comparison"
"real",1989,"p99",2976.86651453996,95,"",5.40136680414629,1.99306299381505,"converged",0.272004864044193,8638.20242425731,"converged",2.29276849736785,0.021861336601581,"LN"
"real",1990,"p90",150.0421176,984,"",3.08974136567797,2.52869012680496,"converged",1.09484131590346,311.099556818784,"converged",3.04963965138838,0.002291160856345,"LN"
"real",1990,"p95",480.191250199999,492,"",4.42367261805533,2.17930764731599,"converged",NA,NA,"failed:0",NA,NA,"no_comparison"
"real",1990,"p97.5",1315.068753,246,"",0.199671479571614,2.97082728029017,"converged",NA,NA,"failed:0",NA,NA,"no_comparison"
"real",1990,"p99",3440.93287628,99,"",6.70601292566884,1.69210430238199,"converged",0.244277208055648,9564.08942364249,"converged",2.08171184658489,0.0373687978969751,"LN"
"real",1991,"p90",152.5611948,1082,"",3.09714899964301,2.61057766262483,"converged",NA,NA,"failed:0",NA,NA,"no_comparison"
"real",1991,"p95",521.747259599997,541,"",4.69052335056695,2.17190180273392,"converged",NA,NA,"failed:0",NA,NA,"no_comparison"
"real",1991,"p97.5",1430.5028147,271,"",4.98752573347527,2.09673509678031,"converged",NA,NA,"failed:0",NA,NA,"no_comparison"
"real",1991,"p99",3942.54569576,109,"",8.27286061506273,1.21647321433948,"converged",0.181631336099865,10402.5870052477,"converged",1.54848076066129,0.121506590327117,"neither"
"real",1992,"p90",147.7471912,1339,"",3.284346205534,2.53979964668461,"converged",NA,NA,"failed:0",NA,NA,"no_comparison"
"real",1992,"p95",504.9593482,670,"",4.78631086583689,2.12112566545805,"converged",0.0966556824590968,8299.04052677902,"converged",15.8466615302777,1.48250148467153e-56,"LN"
"real",1992,"p97.5",1359.5939832,335,"",5.5304044908857,1.94022664471443,"converged",0.303105095540456,5469.08630562624,"converged",5.09851142470377,3.42334874841507e-07,"LN"
"real",1992,"p99",3942.21187484,134,"",7.59166151004604,1.41176938321291,"converged",0.209010933907246,9720.63588020989,"converged",2.02287239216141,0.0430863055848373,"LN"
"real",1993,"p90",143.104042,1487,"",3.72236227634558,2.37185656157765,"converged",NA,NA,"failed:0",NA,NA,"no_comparison"
"real",1993,"p95",484.5825075,744,"",4.67901663172635,2.10743233629676,"converged",NA,NA,"failed:0",NA,NA,"no_comparison"
"real",1993,"p97.5",1324.33520525,372,"",3.72202380939995,2.31063643162267,"converged",0.313454926669579,4979.71678480269,"converged",5.62725551918146,1.83099402320901e-08,"LN"
"real",1993,"p99",3376.55324289997,149,"",8.01918632443874,1.26232062352582,"converged",0.201418478580608,9235.12032119539,"converged",2.04254888891355,0.0410971151080076,"LN"
"real",1994,"p90",145.5044148,1752,"",3.04986679640877,2.55570648575702,"converged",1.12107895293067,302.880050944547,"converged",4.92637571295211,8.37688535172535e-07,"LN"
"real",1994,"p95",456.308836549997,876,"",5.2888874991656,1.95095959816659,"converged",NA,NA,"failed:0",NA,NA,"no_comparison"
"real",1994,"p97.5",1260.070701075,438,"",4.72392552594956,2.12075714304862,"converged",0.319806090831311,5188.8199248726,"converged",6.38219255171715,1.74570264014255e-10,"LN"
"real",1994,"p99",3425.23069831996,176,"",7.12741716911644,1.57183220010627,"converged",0.226038071894241,9538.16696624898,"converged",2.50606343364814,0.0122083715353882,"LN"
"real",1995,"p90",152.5975812,1890,"",3.45714093928319,2.48931806616468,"converged",1.12216749798786,332.983258895375,"converged",3.96989309197346,7.19048875144926e-05,"LN"
"real",1995,"p95",492.160091000002,945,"",5.23729070023315,2.0157986156664,"converged",NA,NA,"failed:0",NA,NA,"no_comparison"
"real",1995,"p97.5",1393.79724959999,473,"",4.62699899020555,2.17815276796257,"converged",0.322616380021501,5798.55723506786,"converged",6.59586635352356,4.22779652225746e-11,"LN"
"real",1995,"p99",3866.17310852001,189,"",7.41725978138112,1.51859798710666,"converged",0.222458494277014,10680.8526521751,"converged",2.58618736437674,0.00970441623475785,"LN"
"real",1996,"p90",155.747700000001,1962,"",3.55831125021971,2.46602636842267,"converged",1.11370954338905,345.464513741018,"converged",4.37664557288863,1.20519709624252e-05,"LN"
"real",1996,"p95",516.5808624,981,"",4.99703620130176,2.0801356657879,"converged",NA,NA,"failed:0",NA,NA,"no_comparison"
"real",1996,"p97.5",1432.3759071,491,"",4.74793851396697,2.14345923625674,"converged",NA,NA,"failed:0",NA,NA,"no_comparison"
"real",1996,"p99",3929.33504142,197,"",7.40665968096295,1.51560443189587,"converged",0.226621244489883,10706.0211229825,"converged",2.69701299048404,0.0069964540925149,"LN"
"real",1997,"p90",161.05395,2089,"",3.77471682381817,2.4160961789277,"converged",NA,NA,"failed:0",NA,NA,"no_comparison"
"real",1997,"p95",540.5831385,1045,"",5.17470850683334,2.03276328306587,"converged",NA,NA,"failed:0",NA,NA,"no_comparison"
"real",1997,"p97.5",1555.4351755,523,"",3.30307238669074,2.43152921112498,"converged",0.323000928768612,5982.97418084561,"converged",6.96523630303594,3.27852976969473e-12,"LN"
"real",1997,"p99",4194.14161099999,209,"",7.00595562477694,1.61749619576862,"converged",0.242711828738989,10974.6983468741,"converged",3.02139996127581,0.00251608766220638,"LN"
"real",1998,"p90",146.0046234,2188,"",3.45819795260142,2.48781901005478,"converged",NA,NA,"failed:0",NA,NA,"no_comparison"
"real",1998,"p95",487.955828550001,1094,"",4.8148651369706,2.12716988035468,"converged",0.835055977642069,1010.31336414935,"converged",1.59106668784426,0.111594568452471,"neither"
"real",1998,"p97.5",1415.26376007499,547,"",2.44705159173325,2.60507806318786,"converged",0.338413459010194,5783.56829524846,"converged",7.58822338842016,3.24321434597953e-14,"LN"
"real",1998,"p99",3849.98277352002,219,"",6.42764791442355,1.77856286846498,"converged",0.263690908978293,10787.7432645655,"converged",3.43584926665568,0.000590699521806447,"LN"
"real",1999,"p90",145.0090081,2287,"",3.45137966864011,2.52615028008275,"converged",NA,NA,"failed:0",NA,NA,"no_comparison"
"real",1999,"p95",497.99835345,1144,"",4.91696972531593,2.12932015972454,"converged",NA,NA,"failed:0",NA,NA,"no_comparison"
"real",1999,"p97.5",1442.169941175,572,"",4.21426406474269,2.28332456338499,"converged",0.327748892926059,6201.88027429608,"converged",7.55402020069108,4.22024680502035e-14,"LN"
"real",1999,"p99",3937.22429480999,229,"",7.47225143189384,1.52851285974803,"converged",0.243669599233542,11635.0132254653,"converged",3.18542126148789,0.00144543431684595,"LN"
"real",2000,"p90",146.3469529,2586,"",3.75535338976299,2.52044440174571,"converged",1.17970189628688,362.001158978938,"converged",4.30456940786687,1.67310832978177e-05,"LN"
"real",2000,"p95",534.082148249999,1293,"",4.94547484160731,2.20125600426802,"converged",NA,NA,"failed:0",NA,NA,"no_comparison"
"real",2000,"p97.5",1590.80404441879,647,"",4.98729030641282,2.18412003688979,"converged",0.332493425889775,7559.43339933624,"converged",8.17335766035169,2.99923161981159e-16,"LN"
"real",2000,"p99",4674.17601037,259,"",7.23352307657998,1.66201954938914,"converged",0.256507782592604,14148.1194248527,"converged",3.58275948149829,0.000339983621607546,"LN"
"real",2001,"p90",148.6027556,2663,"",3.20402550585816,2.64266247769828,"converged",NA,NA,"failed:0",NA,NA,"no_comparison"
"real",2001,"p95",509.101273618859,1332,"",4.9172586065217,2.19044871283125,"converged",NA,NA,"failed:0",NA,NA,"no_comparison"
"real",2001,"p97.5",1506.18437336045,666,"",4.99077216478811,2.17001366435861,"converged",0.33544951306395,7161.39724600338,"converged",8.36727355088533,5.89666972594914e-17,"LN"
"real",2001,"p99",4422.85081260585,267,"",7.04280921235637,1.70206647447584,"converged",0.259659114311021,13388.7984238421,"converged",3.68121246148919,0.000232127471021138,"LN"
"real",2002,"p90",150.755399163684,2737,"",3.40768499145256,2.60875576836273,"converged",NA,NA,"failed:0",NA,NA,"no_comparison"
"real",2002,"p95",522.541866999998,1369,"",5.19292983103786,2.13064018667836,"converged",NA,NA,"failed:0",NA,NA,"no_comparison"
"real",2002,"p97.5",1555.78861729308,685,"",5.14549468653561,2.15170497322105,"converged",0.338466489743985,7536.93688620731,"converged",8.54914639698164,1.24002152731673e-17,"LN"
"real",2002,"p99",4535.155966085,274,"",7.26390036135407,1.6709145260618,"converged",0.256513479658189,14206.4639039591,"converged",3.65695010505376,0.000255234038061435,"LN"
"real",2003,"p90",171.2659696,2804,"",3.72581186283118,2.5680487850799,"converged",NA,NA,"failed:0",NA,NA,"no_comparison"
"real",2003,"p95",605.142215069935,1402,"",5.72910341675526,2.00418816443282,"converged",0.544116123996272,2918.75002459592,"converged",7.9393814966963,2.03191914035431e-15,"LN"
"real",2003,"p97.5",1890.55594954544,701,"",4.38529669782157,2.32768748724977,"converged",0.340112988531316,8379.68802892529,"converged",8.57631562285601,9.79605028496895e-18,"LN"
"real",2003,"p99",5137.6059537104,281,"",7.8436642124553,1.52932398193201,"converged",0.243353452787206,15851.0499943036,"converged",3.53388197108423,0.000409503902604676,"LN"
"real",2004,"p90",223.5803933,2877,"",4.24109354221596,2.53013246865268,"converged",NA,NA,"failed:0",NA,NA,"no_comparison"
"real",2004,"p95",818.876895553847,1439,"",6.38881740439546,1.89278127046654,"converged",NA,NA,"failed:0",NA,NA,"no_comparison"
"real",2004,"p97.5",2673.47139927922,720,"",5.1494189728806,2.2005508480031,"converged",0.32915413404541,10998.3595796802,"converged",8.28317360411807,1.19935384889834e-16,"LN"
"real",2004,"p99",7499.73866184935,288,"",7.50638567210703,1.66788481546047,"converged",0.235477098749226,20113.3576863621,"converged",3.46214521137734,0.00053588793714779,"LN"
"real",2005,"p90",250.395716561761,2929,"",4.69980166954089,2.40760267746613,"converged",NA,NA,"failed:0",NA,NA,"no_comparison"
"real",2005,"p95",944.281754654631,1465,"",6.32982034356636,1.9218576967665,"converged",NA,NA,"failed:0",NA,NA,"no_comparison"
"real",2005,"p97.5",2883.91369969457,733,"",5.75467804804884,2.07717371668346,"converged",0.319685303609854,11956.2749207049,"converged",8.14506486803313,3.7907863489767e-16,"LN"
"real",2005,"p99",8458.99730713327,293,"",7.09744907865158,1.76480299924522,"converged",0.246738582678489,21488.7967298445,"converged",3.67027101841286,0.000242293435848851,"LN"
"real",2006,"p90",287.435058221144,2999,"",5.04010079808987,2.34665490283333,"converged",NA,NA,"failed:0",NA,NA,"no_comparison"
"real",2006,"p95",1132.33842734167,1500,"",6.36680026113499,1.93958411866225,"converged",NA,NA,"failed:0",NA,NA,"no_comparison"
"real",2006,"p97.5",3286.72451602017,750,"",6.57965267690239,1.89680414969607,"converged",0.306892181561877,13517.2733028402,"converged",7.85871700789163,3.88087908021264e-15,"LN"
"real",2006,"p99",9754.03996532636,300,"",7.31795483678449,1.72417818699011,"converged",0.243951762454355,23891.3824683632,"converged",3.66739102780154,0.000245037924376065,"LN"
"real",2007,"p90",345.303153,3064,"",5.08860439288622,2.3694113027217,"converged",NA,NA,"failed:0",NA,NA,"no_comparison"
"real",2007,"p95",1310.363012,1532,"",6.67965024102965,1.88351916999854,"converged",NA,NA,"failed:0",NA,NA,"no_comparison"
"real",2007,"p97.5",3958.72855860059,766,"",6.28814514167902,1.98463843921521,"converged",0.305133686871111,15130.6398718802,"converged",7.79296262890871,6.54559858563474e-15,"LN"
"real",2007,"p99",11464.6696634528,307,"",7.16484381578018,1.76787429843947,"converged",0.239753337952302,26409.1686314448,"converged",3.63356630764136,0.000279530567823182,"LN"
"real",2008,"p90",414.2823679,3092,"",5.63311429989145,2.21745969698619,"converged",NA,NA,"failed:0",NA,NA,"no_comparison"
"real",2008,"p95",1592.24054505992,1546,"",6.82526416260394,1.84963685963332,"converged",NA,NA,"failed:0",NA,NA,"no_comparison"
"real",2008,"p97.5",4572.66853699999,773,"",6.94525150996219,1.82242788403971,"converged",0.288625149781659,16467.7094339508,"converged",7.33662416819881,2.19048591983659e-13,"LN"
"real",2008,"p99",13119.8879792192,310,"",7.66131134167076,1.64084358344691,"converged",0.226716208574856,28081.4398809229,"converged",3.4407509110003,0.000580102301421193,"LN"
"real",2009,"p90",335.181829539397,3088,"",5.06093873657987,2.32705844144176,"converged",NA,NA,"failed:0",NA,NA,"no_comparison"
"real",2009,"p95",1248.51847832249,1544,"",6.42764973331626,1.91474616346559,"converged",0.0956121948137608,20100.9391382584,"converged",23.2957204056084,4.89895183098059e-120,"LN"
"real",2009,"p97.5",3649.88508304032,772,"",6.01047795036627,2.01420430023259,"converged",0.302410337341344,13400.5263337874,"converged",7.67975048612119,1.59398749241807e-14,"LN"
"real",2009,"p99",10124.8318655059,309,"",8.06447378712119,1.51612941717083,"converged",0.221892372885985,23574.4441827424,"converged",3.36450622923662,0.000766807532815678,"LN"
"real",2010,"p90",370.3014772,3116,"",5.12650228594184,2.29821171969123,"converged",NA,NA,"failed:0",NA,NA,"no_comparison"
"real",2010,"p95",1348.00758090898,1558,"",6.22912263940804,1.97292879174469,"converged",NA,NA,"failed:0",NA,NA,"no_comparison"
"real",2010,"p97.5",3755.78158377673,779,"",6.48999756118936,1.90365798447986,"converged",0.292773614256981,14030.1488438365,"converged",7.55430233737643,4.21110954766162e-14,"LN"
"real",2010,"p99",10614.1856073271,312,"",7.64028903541875,1.62610200374418,"converged",0.235679912096139,24475.5761227359,"converged",3.54226223868814,0.000396710874185408,"LN"
"real",2011,"p90",442.3763156,3144,"",5.38321561315507,2.27168849608291,"converged",NA,NA,"failed:0",NA,NA,"no_comparison"
"real",2011,"p95",1627.22591176888,1572,"",6.40933614739903,1.96383297506787,"converged",NA,NA,"failed:0",NA,NA,"no_comparison"
"real",2011,"p97.5",4431.17451119076,786,"",7.26748152916367,1.73551754530312,"converged",0.279436325526268,16373.1836574117,"converged",7.20469650275991,5.81732743367331e-13,"LN"
"real",2011,"p99",12348.1022486301,315,"",8.58531668291177,1.41072032991117,"converged",0.213845222596258,28396.9616237412,"converged",3.16370126502297,0.00155776601444594,"LN"
"real",2012,"p90",443.011530925439,3151,"",5.33285372514612,2.29088737907621,"converged",NA,NA,"failed:0",NA,NA,"no_comparison"
"real",2012,"p95",1614.13301878116,1576,"",6.46094919990282,1.9561241920594,"converged",NA,NA,"failed:0",NA,NA,"no_comparison"
"real",2012,"p97.5",4470.07348417228,788,"",7.32415421813183,1.72084345853157,"converged",0.277188295970342,16585.1806735698,"converged",7.17045748195389,7.47475586537982e-13,"LN"
"real",2012,"p99",12899.8038693705,316,"",8.36034777401648,1.45706885024493,"converged",0.225951895924294,28398.7675921561,"converged",3.43137723203103,0.000600524878115528,"LN"
"real",2013,"p90",443.916511,3184,"",5.49975775216581,2.22892477550486,"converged",NA,NA,"failed:0",NA,NA,"no_comparison"
"real",2013,"p95",1643.59212757764,1592,"",6.26126353912114,1.99951445495456,"converged",NA,NA,"failed:0",NA,NA,"no_comparison"
"real",2013,"p97.5",4421.45479321262,796,"",7.14925687613015,1.76660096218115,"converged",0.281757214101235,16415.1743672408,"converged",7.35908754579711,1.85171565397746e-13,"LN"
"real",2013,"p99",12393.3483970966,319,"",8.40445494779709,1.45840529910165,"converged",0.224672623667717,28515.6546514624,"converged",3.41092738274235,0.000647423317210607,"LN"
"real",2014,"p90",459.678311264526,3164,"",5.47026944328713,2.24285965107504,"converged",NA,NA,"failed:0",NA,NA,"no_comparison"
"real",2014,"p95",1685.09720539999,1582,"",6.27382831975259,2.00473963181376,"converged",NA,NA,"failed:0",NA,NA,"no_comparison"
"real",2014,"p97.5",4561.06447248153,791,"",6.84674299088661,1.85755807708156,"converged",0.289223548178904,16976.8153062286,"converged",7.55312585047134,4.24934020242885e-14,"LN"
"real",2014,"p99",12755.4086279932,317,"",8.14725498870885,1.5441352261145,"converged",0.231575890377559,29670.1519035061,"converged",3.51743738005249,0.000435735147422271,"LN"
"real",2015,"p90",388.547603752316,3210,"",4.89097415517875,2.37840899244268,"converged",NA,NA,"failed:0",NA,NA,"no_comparison"
"real",2015,"p95",1361.42011184583,1605,"",6.22754493467298,1.99893524309168,"converged",NA,NA,"failed:0",NA,NA,"no_comparison"
"real",2015,"p97.5",3786.29282430794,803,"",6.28029011538627,1.99548179422734,"converged",0.305966449510382,15344.1704818427,"converged",8.2243229455488,1.96296530500565e-16,"LN"
"real",2015,"p99",10472.4191880269,321,"",8.34018383769731,1.50420929942609,"converged",0.237673436024983,27896.0816536066,"converged",3.68712774751465,0.000226799516326932,"LN"
"real",2016,"p90",372.6653723,3222,"",4.76907913954488,2.42169953015523,"converged",NA,NA,"failed:0",NA,NA,"no_comparison"
"real",2016,"p95",1320.46493831157,1611,"",6.13295039407191,2.03487727709349,"converged",NA,NA,"failed:0",NA,NA,"no_comparison"
"real",2016,"p97.5",3733.65676463377,806,"",6.3879246560431,1.9711865900408,"converged",0.305342509339218,15221.5259291914,"converged",8.16931056155571,3.10156794777103e-16,"LN"
"real",2016,"p99",10703.2023057735,323,"",7.75740811106072,1.64958326134378,"converged",0.243097536080503,27215.1458504382,"converged",3.77681462300609,0.000158846868091835,"LN"
"real",2017,"p90",408.088515859009,3231,"",5.14513111090513,2.34738993793112,"converged",NA,NA,"failed:0",NA,NA,"no_comparison"
"real",2017,"p95",1487.78145724862,1616,"",6.29682153495873,2.0146493270883,"converged",NA,NA,"failed:0",NA,NA,"no_comparison"
"real",2017,"p97.5",4198.9034342041,808,"",6.98320579323852,1.83019495043998,"converged",0.296205611720482,16646.9228936496,"converged",7.92642669669824,2.25541675539542e-15,"LN"
"real",2017,"p99",12194.9746771262,324,"",7.55797150082816,1.70148124070997,"converged",0.241019588788427,29183.347012376,"converged",3.73868330537415,0.000184986586184578,"LN"
"real",2018,"p90",444.439121478909,3233,"",5.43693700692033,2.28882084464108,"converged",NA,NA,"failed:0",NA,NA,"no_comparison"
"real",2018,"p95",1653.44300895,1617,"",6.33618116666768,2.02939556379935,"converged",NA,NA,"failed:0",NA,NA,"no_comparison"
"real",2018,"p97.5",4792.55404795247,809,"",6.32398313908727,2.01039185158978,"converged",0.300069331597118,18042.5247172695,"converged",7.95139280951676,1.8442615593886e-15,"LN"
"real",2018,"p99",13417.8403961993,324,"",8.14360189097331,1.57320861547393,"converged",0.231180480440503,31890.1009053893,"converged",3.56520229785781,0.000363575644125352,"LN"
"real",2019,"p90",454.265533012903,3165,"",5.38231105740737,2.29541879991042,"converged",NA,NA,"failed:0",NA,NA,"no_comparison"
"real",2019,"p95",1677.6445473,1583,"",6.19035566309107,2.06063556206617,"converged",NA,NA,"failed:0",NA,NA,"no_comparison"
"real",2019,"p97.5",4683.31825549613,792,"",6.50389143876194,1.97085548259197,"converged",0.29968556332091,17836.4443113612,"converged",7.81215236843697,5.62195376400482e-15,"LN"
"real",2019,"p99",13142.6528985702,317,"",8.34190628779543,1.52447159129117,"converged",0.222501052049257,31548.96076859,"converged",3.36116280320748,0.000776150620404172,"LN"
"control_lognormal",1988,"p90",83.3277000000006,823,"",3.39118617140053,2.40146716088188,"converged",NA,NA,"failed:0",NA,NA,"no_comparison"
"control_lognormal",1988,"p95",270.01463065,412,"",5.54698757578748,1.66800584124173,"converged",0.287659313478457,1632.44151692957,"converged",5.34146540696919,9.2198211856803e-08,"LN"
"control_lognormal",1988,"p97.5",846.014048074999,206,"",1.37402441564914,2.73499094412428,"converged",NA,NA,"failed:0",NA,NA,"no_comparison"
"control_lognormal",1988,"p99",2475.8064544,83,"",-7.98080518098068,4.11110268355133,"converged",0.401572809030023,9790.81920992448,"converged",3.50898921455068,0.00044981314521229,"LN"
"control_lognormal",1989,"p90",140.3720608,945,"",4.09837035121524,2.10030441983099,"converged",NA,NA,"failed:0",NA,NA,"no_comparison"
"control_lognormal",1989,"p95",438.3931269,473,"",2.58427214290944,2.66933952770965,"converged",NA,NA,"failed:0",NA,NA,"no_comparison"
"control_lognormal",1989,"p97.5",1162.4325308,237,"",-0.222160497792348,2.76246020208831,"converged",NA,NA,"failed:0",NA,NA,"no_comparison"
"control_lognormal",1989,"p99",2976.86651453996,95,"",5.6832044325948,1.9121868221967,"converged",0.269480529895647,8946.22523159615,"converged",2.39320487898198,0.0167019118014637,"LN"
"control_lognormal",1990,"p90",150.0421176,984,"",4.00443616794668,2.21508187773591,"converged",1.0082408419159,328.404199043,"converged",2.71154684450046,0.00669700775106373,"LN"
"control_lognormal",1990,"p95",480.191250199999,492,"",5.19575266249013,2.04099370949473,"converged",NA,NA,"failed:0",NA,NA,"no_comparison"
"control_lognormal",1990,"p97.5",1315.068753,246,"",-33.1827924090444,6.56443661304391,"converged",0.1900658645371,35124.7234114442,"converged",14.7891428906818,1.72131786285161e-49,"LN"
"control_lognormal",1990,"p99",3440.93287628,99,"",8.09542623548964,1.09740155997484,"converged",0.134328176635892,6947.10102124537,"converged",0.993214019224879,0.320605667786105,"neither"
"control_lognormal",1991,"p90",152.5611948,1082,"",2.48415957854793,2.87232185540773,"converged",0.216107628515244,53264.3183266414,"converged",49.6809316499723,0,"LN"
"control_lognormal",1991,"p95",521.747259599997,541,"",5.22036945461419,2.19979191395944,"converged",0.368431201021145,6392.83279418332,"converged",10.6301761296927,2.1570472240246e-26,"LN"
"control_lognormal",1991,"p97.5",1430.5028147,271,"",5.0228591223079,2.05057714944465,"converged",NA,NA,"failed:0",NA,NA,"no_comparison"
"control_lognormal",1991,"p99",3942.54569576,109,"",8.25723653655625,1.24533315357879,"converged",0.191786270025344,10943.2803253797,"converged",1.67970740747435,0.0930142578503561,"neither"
"control_lognormal",1992,"p90",147.7471912,1339,"",3.12249336569884,2.65348125905408,"converged",NA,NA,"failed:0",NA,NA,"no_comparison"
"control_lognormal",1992,"p95",504.9593482,670,"",4.50221724064399,2.27493856911884,"converged",NA,NA,"failed:0",NA,NA,"no_comparison"
"control_lognormal",1992,"p97.5",1359.5939832,335,"",5.8180144422895,1.81894193670182,"converged",0.288322022658429,5048.22975894367,"converged",4.78808991756535,1.68376208400647e-06,"LN"
"control_lognormal",1992,"p99",3942.21187484,134,"",5.38267242813037,2.0384266796663,"converged",0.288962663810067,11122.2639154055,"converged",3.04191820511803,0.0023507576356812,"LN"
"control_lognormal",1993,"p90",143.104042,1487,"",4.58393214364062,2.06340477887866,"converged",0.958621454100344,362.895244829379,"converged",0.528968861138202,0.596827051172378,"neither"
"control_lognormal",1993,"p95",484.5825075,744,"",4.10574426437997,2.24182256877671,"converged",NA,NA,"failed:0",NA,NA,"no_comparison"
"control_lognormal",1993,"p97.5",1324.33520525,372,"",4.82195143016172,2.0616099325552,"converged",0.323424380987528,5473.88979902399,"converged",6.34007244511556,2.2965714688181e-10,"LN"
"control_lognormal",1993,"p99",3376.55324289997,149,"",7.79046895566136,1.32452990110985,"converged",0.22926843705842,9166.79270198211,"converged",2.51053393404705,0.0120548735354123,"LN"
"control_lognormal",1994,"p90",145.5044148,1752,"",3.03970068799544,2.52987021669864,"converged",1.08070496681829,301.051549446296,"converged",1.99084950754098,0.0464974346806174,"LN"
"control_lognormal",1994,"p95",456.308836549997,876,"",3.80597662512498,2.30045148114225,"converged",0.176741242552783,8965.00375381323,"converged",21.9290483166101,1.37268338307234e-106,"LN"
"control_lognormal",1994,"p97.5",1260.070701075,438,"",6.21329477264915,1.69481977025275,"converged",0.10014603223608,20094.5448721581,"converged",17.1370190333616,7.8577204505874e-66,"LN"
"control_lognormal",1994,"p99",3425.23069831996,176,"",5.54194495022377,2.08672061092605,"converged",0.306381804554211,13194.5765061678,"converged",4.04878022465287,5.14852632931832e-05,"LN"
"control_lognormal",1995,"p90",152.5975812,1890,"",3.78371428045392,2.33331401172417,"converged",0.100916750027682,19144.6965272865,"converged",52.9840960626748,0,"LN"
"control_lognormal",1995,"p95",492.160091000002,945,"",5.23458229606436,1.93118619540001,"converged",0.830009908570263,874.44241377202,"converged",1.29510490376262,0.195284043507849,"neither"
"control_lognormal",1995,"p97.5",1393.79724959999,473,"",4.76781732930634,2.18121750445845,"converged",0.329930174635968,6364.01971477465,"converged",6.83815555170857,8.02192688618811e-12,"LN"
"control_lognormal",1995,"p99",3866.17310852001,189,"",7.39938427167151,1.56986850776524,"converged",0.236522190510319,12400.2794986653,"converged",2.99382826280546,0.00275500969041197,"LN"
"control_lognormal",1996,"p90",155.747700000001,1962,"",2.84834648100364,2.75225597522179,"converged",0.18734631854753,15730.6434427852,"converged",47.0718858178659,0,"LN"
"control_lognormal",1996,"p95",516.5808624,981,"",5.4536518805815,1.95622207115366,"converged",NA,NA,"failed:0",NA,NA,"no_comparison"
"control_lognormal",1996,"p97.5",1432.3759071,491,"",3.81167262421338,2.29902211977182,"converged",0.337132955955146,5893.50239259361,"converged",7.59230009518217,3.14276114134984e-14,"LN"
"control_lognormal",1996,"p99",3929.33504142,197,"",7.38000647562105,1.52308940710766,"converged",0.247068673769931,11008.8287675759,"converged",3.03865978942874,0.0023763304557648,"LN"
"control_lognormal",1997,"p90",161.05395,2089,"",3.91409717473732,2.37806528873429,"converged",NA,NA,"failed:0",NA,NA,"no_comparison"
"control_lognormal",1997,"p95",540.5831385,1045,"",4.67269728175612,2.1949648947475,"converged",NA,NA,"failed:0",NA,NA,"no_comparison"
"control_lognormal",1997,"p97.5",1555.4351755,523,"",3.96624020633751,2.44974334138177,"converged",0.333556685636985,9081.01071410967,"converged",8.6506390789089,5.12118265516643e-18,"LN"
"control_lognormal",1997,"p99",4194.14161099999,209,"",2.38399765235173,2.67021624304141,"converged",0.321032787803481,13191.1428926085,"converged",4.19664424045183,2.70898957632504e-05,"LN"
"control_lognormal",1998,"p90",146.0046234,2188,"",3.07737991727078,2.61324690454592,"converged",1.13738437436003,323.365864210915,"converged",2.70221008565499,0.00688802248561577,"LN"
"control_lognormal",1998,"p95",487.955828550001,1094,"",4.62343824982153,2.22454336173177,"converged",0.0774852280042941,13676.5951485289,"converged",24.439958204885,6.43515386783416e-132,"LN"
"control_lognormal",1998,"p97.5",1415.26376007499,547,"",1.57584214260173,2.89114729198187,"converged",0.354069906737607,8877.36410512384,"converged",10.039612998493,1.02073832589953e-23,"LN"
"control_lognormal",1998,"p99",3849.98277352002,219,"",7.53287703583933,1.42273798538627,"converged",0.227853789969892,9652.42148102906,"converged",2.99496392331903,0.00274477303644359,"LN"
"control_lognormal",1999,"p90",145.0090081,2287,"",2.93984211470046,2.66187602941711,"converged",1.15116169252622,319.560269523762,"converged",2.8427563997597,0.00447252402851963,"LN"
"control_lognormal",1999,"p95",497.99835345,1144,"",5.43591221778181,1.98445560969278,"converged",NA,NA,"failed:0",NA,NA,"no_comparison"
"control_lognormal",1999,"p97.5",1442.169941175,572,"",4.67817264763897,2.15823328252665,"converged",0.155732824975545,62520.0755033348,"converged",29.6093590807404,1.13229441664979e-192,"LN"
"control_lognormal",1999,"p99",3937.22429480999,229,"",8.40366843936297,1.08670106304019,"converged",0.146188619004928,8983.74068593926,"converged",1.65514024404643,0.0978960531412816,"neither"
"control_lognormal",2000,"p90",146.3469529,2586,"",3.89370442721353,2.49566732790176,"converged",0.19145413514799,23087.62235791,"converged",60.6860382987398,0,"LN"
"control_lognormal",2000,"p95",534.082148249999,1293,"",5.05207823288174,2.17413620237308,"converged",0.112945054284713,69165.1819647897,"converged",49.0126723144364,0,"LN"
"control_lognormal",2000,"p97.5",1590.80404441879,647,"",5.43394487489983,2.09466346566773,"converged",0.321270270822921,7700.75717867645,"converged",7.76480308251749,8.17721687479485e-15,"LN"
"control_lognormal",2000,"p99",4674.17601037,259,"",7.44936559113081,1.57860533645086,"converged",0.254588187265086,15258.3086209678,"converged",4.17613030218123,2.96510013862497e-05,"LN"
"control_lognormal",2001,"p90",148.6027556,2663,"",3.23918179167044,2.62191686647636,"converged",1.16165790839906,340.851832823106,"converged",2.5177014666916,0.0118123392985386,"LN"
"control_lognormal",2001,"p95",509.101273618859,1332,"",3.89724345723722,2.43846387685553,"converged",NA,NA,"failed:0",NA,NA,"no_comparison"
"control_lognormal",2001,"p97.5",1506.18437336045,666,"",5.27735532602602,2.05619259446297,"converged",0.331386489917701,6728.18088765426,"converged",8.30226708330933,1.02143263297532e-16,"LN"
"control_lognormal",2001,"p99",4422.85081260585,267,"",4.58868142889347,2.24718847408329,"converged",0.0795251774367454,38916.5236749379,"converged",10.2693275048605,9.68776074056653e-25,"LN"
"control_lognormal",2002,"p90",150.755399163684,2737,"",3.58146780607736,2.57101430080601,"converged",NA,NA,"failed:0",NA,NA,"no_comparison"
"control_lognormal",2002,"p95",522.541866999998,1369,"",5.8391014355749,1.85298261122175,"converged",NA,NA,"failed:0",NA,NA,"no_comparison"
"control_lognormal",2002,"p97.5",1555.78861729308,685,"",5.30079858934018,2.17736825833763,"converged",0.354729376714035,8764.18526307472,"converged",9.20154840361232,3.52828324256977e-20,"LN"
"control_lognormal",2002,"p99",4535.155966085,274,"",6.65379197326767,1.85066381447318,"converged",0.285965999421822,14895.0164459588,"converged",4.24154924755609,2.21982167239049e-05,"LN"
"control_lognormal",2003,"p90",171.2659696,2804,"",4.05907152988218,2.51139154210342,"converged",NA,NA,"failed:0",NA,NA,"no_comparison"
"control_lognormal",2003,"p95",605.142215069935,1402,"",5.75135709285284,1.97856379427723,"converged",0.0612876325922473,23432.1337223959,"converged",31.6062334480193,3.03130952129906e-219,"LN"
"control_lognormal",2003,"p97.5",1890.55594954544,701,"",5.83510511904628,1.94525641392073,"converged",0.291083655121448,8606.72574255835,"converged",8.29969495859288,1.04379049872738e-16,"LN"
"control_lognormal",2003,"p99",5137.6059537104,281,"",8.5664752680853,1.25696530842131,"converged",0.209765061031509,15170.3657306987,"converged",3.0791616350587,0.0020758402443177,"LN"
"control_lognormal",2004,"p90",223.5803933,2877,"",4.45722115843351,2.44303591554835,"converged",0.13519305109907,78400.1082243588,"converged",79.7525611509162,0,"LN"
"control_lognormal",2004,"p95",818.876895553847,1439,"",6.27618410232687,1.88799997946146,"converged",NA,NA,"failed:0",NA,NA,"no_comparison"
"control_lognormal",2004,"p97.5",2673.47139927922,720,"",2.699987641516,2.77547651170321,"converged",0.379675927646945,13989.4333541534,"converged",10.492001580074,9.40153297385441e-26,"LN"
"control_lognormal",2004,"p99",7499.73866184935,288,"",8.62270542549017,1.31480596708405,"converged",0.222581666379027,20302.9663004119,"converged",3.33375028607903,0.000856835444841311,"LN"
"control_lognormal",2005,"p90",250.395716561761,2929,"",4.72170273701573,2.40835787683846,"converged",NA,NA,"failed:0",NA,NA,"no_comparison"
"control_lognormal",2005,"p95",944.281754654631,1465,"",6.43632382541736,1.85508079127676,"converged",0.0708640592646991,60033.3838466331,"converged",42.2368864465074,0,"LN"
"control_lognormal",2005,"p97.5",2883.91369969457,733,"",4.55564211634021,2.32636560718577,"converged",0.33612312370778,14249.3706561736,"converged",10.5031981995261,8.35021320466112e-26,"LN"
"control_lognormal",2005,"p99",8458.99730713327,293,"",5.85233671409624,1.99933834241903,"converged",0.25742341869572,20256.8453305848,"converged",3.9325239053749,8.40586174032624e-05,"LN"
"control_lognormal",2006,"p90",287.435058221144,2999,"",4.88614756870968,2.40398396947714,"converged",NA,NA,"failed:0",NA,NA,"no_comparison"
"control_lognormal",2006,"p95",1132.33842734167,1500,"",6.40572277644205,1.95550478368321,"converged",NA,NA,"failed:0",NA,NA,"no_comparison"
"control_lognormal",2006,"p97.5",3286.72451602017,750,"",6.13140377293257,2.11836690935174,"converged",0.295976963875458,24749.2867744676,"converged",12.1709064289699,4.44122971440176e-34,"LN"
"control_lognormal",2006,"p99",9754.03996532636,300,"",8.02849113728375,1.46391731440213,"converged",0.202683570837583,20412.2963682989,"converged",2.98715433143273,0.00281587532153827,"LN"
"control_lognormal",2007,"p90",345.303153,3064,"",5.25240233696502,2.31471516939749,"converged",NA,NA,"failed:0",NA,NA,"no_comparison"
"control_lognormal",2007,"p95",1310.363012,1532,"",6.70267194363826,1.88942716395722,"converged",0.0668483505531118,61428.3808000654,"converged",37.8156689560188,0,"LN"
"control_lognormal",2007,"p97.5",3958.72855860059,766,"",6.38191666968062,1.94367628485447,"converged",0.302588553148807,14705.4380450278,"converged",7.65710638711535,1.90169095798098e-14,"LN"
"control_lognormal",2007,"p99",11464.6696634528,307,"",6.42302007774226,1.96772457398496,"converged",0.270083414140791,29825.0473083556,"converged",4.37020277809231,1.24131209925151e-05,"LN"
"control_lognormal",2008,"p90",414.2823679,3092,"",5.52504287165092,2.25458140286447,"converged",NA,NA,"failed:0",NA,NA,"no_comparison"
"control_lognormal",2008,"p95",1592.24054505992,1546,"",6.71767428270939,1.8537723193735,"converged",0.32232044096438,10229.9827446061,"converged",12.8252611911587,1.18386945000196e-37,"LN"
"control_lognormal",2008,"p97.5",4572.66853699999,773,"",6.73635471274107,1.82321497990074,"converged",0.0598000960147718,71537.8002974261,"converged",22.6560122971973,1.21715174126265e-113,"LN"
"control_lognormal",2008,"p99",13119.8879792192,310,"",8.2265219890244,1.45930323751565,"converged",0.213400801886908,26636.105254638,"converged",3.21347491665904,0.00131139251936691,"LN"
"control_lognormal",2009,"p90",335.181829539397,3088,"",5.16629401334024,2.29113955634025,"converged",NA,NA,"failed:0",NA,NA,"no_comparison"
"control_lognormal",2009,"p95",1248.51847832249,1544,"",5.49712743963429,2.19010961533946,"converged",NA,NA,"failed:0",NA,NA,"no_comparison"
"control_lognormal",2009,"p97.5",3649.88508304032,772,"",7.14964212701264,1.67104735008388,"converged",0.258880545909664,12178.9786702947,"converged",6.48992201594234,8.58808160390702e-11,"LN"
"control_lognormal",2009,"p99",10124.8318655059,309,"",8.35828119459762,1.51998769580838,"converged",0.249958912687317,28730.7552393311,"converged",3.94237283176586,8.06794303279448e-05,"LN"
"control_lognormal",2010,"p90",370.3014772,3116,"",4.85652803055429,2.36568751785585,"converged",1.00166209546368,1059.28523425313,"converged",4.60281823470078,4.16811978032664e-06,"LN"
"control_lognormal",2010,"p95",1348.00758090898,1558,"",5.89237934474103,2.06570736666649,"converged",0.0997277675301302,25425.4514065775,"converged",26.7270903980184,2.28031814345277e-157,"LN"
"control_lognormal",2010,"p97.5",3755.78158377673,779,"",7.21621328812296,1.59856718850222,"converged",0.263171595453595,11967.4960559126,"converged",7.01998246356749,2.21896094346081e-12,"LN"
"control_lognormal",2010,"p99",10614.1856073271,312,"",8.19388446216209,1.48430602436062,"converged",0.228910574346569,25643.805902101,"converged",3.61638305084365,0.000298748196820138,"LN"
"control_lognormal",2011,"p90",442.3763156,3144,"",5.35815226058986,2.27688263494143,"converged",NA,NA,"failed:0",NA,NA,"no_comparison"
"control_lognormal",2011,"p95",1627.22591176888,1572,"",6.85757141302049,1.82085592781993,"converged",0.293127655422498,12327.7328992798,"converged",14.4681264826813,1.92648391278097e-47,"LN"
"control_lognormal",2011,"p97.5",4431.17451119076,786,"",7.26300084388855,1.72501324413767,"converged",0.285387690233645,16128.5459178301,"converged",7.36215803862877,1.80960545859432e-13,"LN"
"control_lognormal",2011,"p99",12348.1022486301,315,"",8.10801222202792,1.49403493577134,"converged",0.226670370610308,26189.2990782188,"converged",3.48028676882654,0.000500877349714313,"LN"
"control_lognormal",2012,"p90",443.011530925439,3151,"",5.79023839107816,2.1589109797794,"converged",NA,NA,"failed:0",NA,NA,"no_comparison"
"control_lognormal",2012,"p95",1614.13301878116,1576,"",6.70580057161694,1.81711906827044,"converged",0.310535952609975,9423.62630155567,"converged",12.4640029934456,1.17329999057524e-35,"LN"
"control_lognormal",2012,"p97.5",4470.07348417228,788,"",7.73942964178439,1.59847757208038,"converged",0.257934815234958,16288.1709209776,"converged",6.51710262406844,7.16783893801168e-11,"LN"
"control_lognormal",2012,"p99",12899.8038693705,316,"",8.94263280340638,1.32502438501047,"converged",0.18920688784191,29638.2231228941,"converged",2.82084041069439,0.00478980246982157,"LN"
"control_lognormal",2013,"p90",443.916511,3184,"",5.0663731935578,2.32627960090719,"converged",NA,NA,"failed:0",NA,NA,"no_comparison"
"control_lognormal",2013,"p95",1643.59212757764,1592,"",5.48948544106769,2.25141633011814,"converged",0.0639107812559541,68707.1805318175,"converged",37.7813089819734,0,"LN"
"control_lognormal",2013,"p97.5",4421.45479321262,796,"",5.98102276595687,2.04853649391577,"converged",0.318182096381221,17091.597705473,"converged",8.87633596153939,6.90989191527292e-19,"LN"
"control_lognormal",2013,"p99",12393.3483970966,319,"",7.96694346415713,1.5708249898314,"converged",0.245919816961312,29291.8894231585,"converged",3.96518415715632,7.3339303670344e-05,"LN"
"control_lognormal",2014,"p90",459.678311264526,3164,"",5.18813374446683,2.35986806063567,"converged",NA,NA,"failed:0",NA,NA,"no_comparison"
"control_lognormal",2014,"p95",1685.09720539999,1582,"",6.37172598386165,2.01126935330811,"converged",NA,NA,"failed:0",NA,NA,"no_comparison"
"control_lognormal",2014,"p97.5",4561.06447248153,791,"",5.86907156041052,2.11031594116176,"converged",0.316897325897996,17825.1135688381,"converged",8.48941418686374,2.07681302253556e-17,"LN"
"control_lognormal",2014,"p99",12755.4086279932,317,"",9.16877799439167,1.21342002527724,"converged",0.207044774921155,29266.9451991212,"converged",3.26282410989393,0.00110307958723821,"LN"
"control_lognormal",2015,"p90",388.547603752316,3210,"",4.60401143115506,2.44224450908336,"converged",NA,NA,"failed:0",NA,NA,"no_comparison"
"control_lognormal",2015,"p95",1361.42011184583,1605,"",5.98976196996562,2.04768772642746,"converged",0.314363403175175,10601.5486381384,"converged",15.5823713505599,9.59289960500493e-55,"LN"
"control_lognormal",2015,"p97.5",3786.29282430794,803,"",5.2345620313374,2.25399820919412,"converged",0.330403402000372,16713.0869209096,"converged",9.46595080922046,2.90902301272356e-21,"LN"
"control_lognormal",2015,"p99",10472.4191880269,321,"",8.88782992151432,1.31510283613454,"converged",0.205447952237156,26384.2733474952,"converged",3.12408767563789,0.00178357302523622,"LN"
"control_lognormal",2016,"p90",372.6653723,3222,"",4.86418166253253,2.4007554088809,"converged",NA,NA,"failed:0",NA,NA,"no_comparison"
"control_lognormal",2016,"p95",1320.46493831157,1611,"",5.59208338649776,2.15758347547591,"converged",NA,NA,"failed:0",NA,NA,"no_comparison"
"control_lognormal",2016,"p97.5",3733.65676463377,806,"",6.64638386045517,1.85899814635421,"converged",0.284569350426174,14498.2329274485,"converged",7.96149378926879,1.69974597726695e-15,"LN"
"control_lognormal",2016,"p99",10703.2023057735,323,"",7.97702162639009,1.6411745145151,"converged",0.242397812591804,29673.4833965887,"converged",3.82544678346277,0.00013053513128504,"LN"
"control_lognormal",2017,"p90",408.088515859009,3231,"",4.82237041342158,2.43484244285481,"converged",NA,NA,"failed:0",NA,NA,"no_comparison"
"control_lognormal",2017,"p95",1487.78145724862,1616,"",6.08429246079043,2.05346446990864,"converged",NA,NA,"failed:0",NA,NA,"no_comparison"
"control_lognormal",2017,"p97.5",4198.9034342041,808,"",6.14664592628932,2.10478740740003,"converged",0.317286569597265,21288.9692754286,"converged",9.89479528222802,4.38506663320889e-23,"LN"
"control_lognormal",2017,"p99",12194.9746771262,324,"",8.24245534231059,1.4778443683102,"converged",0.244721956544706,28632.1304141533,"converged",4.1222761114368,3.75147158154503e-05,"LN"
"control_lognormal",2018,"p90",444.439121478909,3233,"",5.24314343435859,2.37135991597757,"converged",NA,NA,"failed:0",NA,NA,"no_comparison"
"control_lognormal",2018,"p95",1653.44300895,1617,"",5.84183429947864,2.19794841965566,"converged",0.0967453267978272,73233.0737492407,"converged",39.255609989878,0,"LN"
"control_lognormal",2018,"p97.5",4792.55404795247,809,"",6.2977801512503,2.00583786018968,"converged",0.291596914465831,20322.3041879298,"converged",9.12624662119955,7.09153291175171e-20,"LN"
"control_lognormal",2018,"p99",13417.8403961993,324,"",3.90510147383754,2.51923620072874,"converged",0.337355579050392,39910.6861379532,"converged",6.0375709828248,1.56451348427023e-09,"LN"
"control_lognormal",2019,"p90",454.265533012903,3165,"",5.62160148841108,2.26434849967362,"converged",NA,NA,"failed:0",NA,NA,"no_comparison"
"control_lognormal",2019,"p95",1677.6445473,1583,"",5.09041704522931,2.41101989558797,"converged",0.102589916282005,110396.208682058,"converged",44.4430303591677,0,"LN"
"control_lognormal",2019,"p97.5",4683.31825549613,792,"",6.67930086496324,1.83884105039061,"converged",0.267149046202611,15805.6575981317,"converged",7.30099655312091,2.85644066493638e-13,"LN"
"control_lognormal",2019,"p99",13142.6528985702,317,"",8.36731241185527,1.45409975582371,"converged",0.209037503079156,28046.0428202492,"converged",3.16331601621056,0.00155982910398387,"LN"
"control_pareto",1988,"p90",83.3277000000006,823,"",-7.86732281171966,3.09417526615522,"converged",0.649505580520239,61.6219362436935,"converged",1.23047268443192,0.218520149769419,"neither"
"control_pareto",1988,"p95",270.01463065,412,"",-22.55422653557,4.62855922490753,"converged",NA,NA,"failed:0",NA,NA,"no_comparison"
"control_pareto",1988,"p97.5",846.014048074999,206,"",NA,NA,"failed:optim_code_52",NA,NA,"failed:0",NA,NA,"no_comparison"
"control_pareto",1988,"p99",2475.8064544,83,"",-5.06862551162353,3.03042333495383,"converged",NA,NA,"failed:0",NA,NA,"no_comparison"
"control_pareto",1989,"p90",140.3720608,945,"",-22.4185169853527,4.40041875940847,"converged",0.771928898191863,84.1332691951982,"converged",-1.33499308608892,0.181878609325767,"neither"
"control_pareto",1989,"p95",438.3931269,473,"",NA,NA,"failed:optim_code_52",0.71028268990233,293.613261166868,"converged",NA,NA,"no_comparison"
"control_pareto",1989,"p97.5",1162.4325308,237,"",-18.9321041356876,4.16669428568245,"converged",NA,NA,"failed:0",NA,NA,"no_comparison"
"control_pareto",1989,"p99",2976.86651453996,95,"",NA,NA,"failed:optim_code_52",0.350882792914572,6451.86972456423,"converged",NA,NA,"no_comparison"
"control_pareto",1990,"p90",150.0421176,984,"",NA,NA,"failed:optim_code_52",0.659509339913599,97.0143029449759,"converged",NA,NA,"no_comparison"
"control_pareto",1990,"p95",480.191250199999,492,"",-19.4168328227762,4.26741466570933,"converged",NA,NA,"failed:0",NA,NA,"no_comparison"
"control_pareto",1990,"p97.5",1315.068753,246,"",2.94081442532903,1.97867802067994,"converged",NA,NA,"failed:0",NA,NA,"no_comparison"
"control_pareto",1990,"p99",3440.93287628,99,"",-15.7486632797752,4.02199741737343,"converged",0.334535967445998,5663.87807579327,"converged",3.37878725363541,0.00072806326390907,"LN"
"control_pareto",1991,"p90",152.5611948,1082,"",-10.4713565449462,3.31669132260049,"converged",0.586213221639238,107.344614731419,"converged",-0.887319273998684,0.374907031544884,"neither"
"control_pareto",1991,"p95",521.747259599997,541,"",-5.6095105318528,3.01263924929187,"converged",NA,NA,"failed:0",NA,NA,"no_comparison"
"control_pareto",1991,"p97.5",1430.5028147,271,"",-17.5156255546828,4.32045380474802,"converged",NA,NA,"failed:0",NA,NA,"no_comparison"
"control_pareto",1991,"p99",3942.54569576,109,"",-21.0969278115639,4.85318000942168,"converged",0.440042876213521,23460.7777201911,"converged",7.88579138571082,3.12548371279776e-15,"LN"
"control_pareto",1992,"p90",147.7471912,1339,"",NA,NA,"failed:optim_code_52",0.705319406314465,89.1475498443572,"converged",NA,NA,"no_comparison"
"control_pareto",1992,"p95",504.9593482,670,"",NA,NA,"failed:optim_code_52",NA,NA,"failed:0",NA,NA,"no_comparison"
"control_pareto",1992,"p97.5",1359.5939832,335,"",-20.1733498824086,4.55495482943608,"converged",0.332641747539684,2853.66790473677,"converged",6.30141356837628,2.94943239704975e-10,"LN"
"control_pareto",1992,"p99",3942.21187484,134,"",7.1336777350343,1.16786672385365,"converged",0.0187453912914284,6462.16250305449,"converged",2.65052565205193,0.00803666241385667,"LN"
"control_pareto",1993,"p90",143.104042,1487,"",-21.1010506280795,4.25041129532119,"converged",0.691863475238147,91.5119950054614,"converged",-0.823773855420681,0.410068065598659,"neither"
"control_pareto",1993,"p95",484.5825075,744,"",NA,NA,"failed:optim_code_52",NA,NA,"failed:0",NA,NA,"no_comparison"
"control_pareto",1993,"p97.5",1324.33520525,372,"",1.75039168011644,2.1256703328394,"converged",NA,NA,"failed:0",NA,NA,"no_comparison"
"control_pareto",1993,"p99",3376.55324289997,149,"",NA,NA,"failed:optim_code_52",NA,NA,"failed:0",NA,NA,"no_comparison"
"control_pareto",1994,"p90",145.5044148,1752,"",-17.5269744308428,3.93005988988549,"converged",0.629432520609284,96.2028457119925,"converged",0.476201781260383,0.633930630608607,"neither"
"control_pareto",1994,"p95",456.308836549997,876,"",NA,NA,"failed:optim_code_52",0.704452224183875,308.706375795817,"converged",NA,NA,"no_comparison"
"control_pareto",1994,"p97.5",1260.070701075,438,"",-8.58774126127084,3.55150373981958,"converged",0.119027349617424,6472.97527365315,"converged",12.3304189732216,6.21228712544594e-35,"LN"
"control_pareto",1994,"p99",3425.23069831996,176,"",-18.0523435475758,4.41959581897406,"converged",0.369141158226535,8467.66532535841,"converged",6.04375916780658,1.50564206922674e-09,"LN"
"control_pareto",1995,"p90",152.5975812,1890,"",-23.4877406320917,4.5565961812759,"converged",0.695677662667225,104.092100098541,"converged",-0.266564646528517,0.789804378905578,"neither"
"control_pareto",1995,"p95",492.160091000002,945,"",-23.7023931379008,4.74205898104714,"converged",0.770078552241692,333.089943024768,"converged",-0.768009858452869,0.442481327984712,"neither"
"control_pareto",1995,"p97.5",1393.79724959999,473,"",-10.9437081529025,3.71517490099632,"converged",0.076610713137384,5495.14264491853,"converged",11.043023442899,2.36924299255564e-28,"LN"
"control_pareto",1995,"p99",3866.17310852001,189,"",4.79067504901509,1.85965605660783,"converged",0.23652827688946,6790.28243308502,"converged",2.86500868365749,0.00416997807004691,"LN"
"control_pareto",1996,"p90",155.747700000001,1962,"",NA,NA,"failed:optim_code_52",0.716938547741168,103.22892330438,"converged",NA,NA,"no_comparison"
"control_pareto",1996,"p95",516.5808624,981,"",NA,NA,"failed:optim_code_52",0.650714142288137,335.150288216932,"converged",NA,NA,"no_comparison"
"control_pareto",1996,"p97.5",1432.3759071,491,"",-14.8308144995478,4.0374547119041,"converged",NA,NA,"failed:0",NA,NA,"no_comparison"
"control_pareto",1996,"p99",3929.33504142,197,"",-8.36994965879853,3.49876890451584,"converged",0.364886967668,12451.383020814,"converged",8.34488784733634,7.12814978001277e-17,"LN"
"control_pareto",1997,"p90",161.05395,2089,"",-21.3701236567791,4.39446220451757,"converged",0.679803724735813,113.105170442076,"converged",-0.89878870013855,0.368765220087738,"neither"
"control_pareto",1997,"p95",540.5831385,1045,"",-6.78825421504354,3.10681997959928,"converged",0.710887195346859,340.699989293532,"converged",-1.03869413799237,0.298947008317508,"neither"
"control_pareto",1997,"p97.5",1555.4351755,523,"",-17.291227565135,4.38667813873761,"converged",NA,NA,"failed:0",NA,NA,"no_comparison"
"control_pareto",1997,"p99",4194.14161099999,209,"",NA,NA,"failed:optim_code_52",0.264391048837836,5579.96576957753,"converged",NA,NA,"no_comparison"
"control_pareto",1998,"p90",146.0046234,2188,"",-16.3568080416184,3.88645818717303,"converged",0.632312056824844,100.921853129347,"converged",0.52395365842758,0.600310772265844,"neither"
"control_pareto",1998,"p95",487.955828550001,1094,"",-7.72186544950357,3.10726411236497,"converged",0.67797241798312,293.484885474423,"converged",-1.49615100535479,0.134614308834726,"neither"
"control_pareto",1998,"p97.5",1415.26376007499,547,"",-16.2355746188895,3.99996140313835,"converged",NA,NA,"failed:0",NA,NA,"no_comparison"
"control_pareto",1998,"p99",3849.98277352002,219,"",2.07974267900367,2.19465675497309,"converged",0.250612505416637,5691.99856966704,"converged",3.33783203284935,0.000844347738673557,"LN"
"control_pareto",1999,"p90",145.0090081,2287,"",NA,NA,"failed:optim_code_52",0.687958145712378,90.8572126345437,"converged",NA,NA,"no_comparison"
"control_pareto",1999,"p95",497.99835345,1144,"",NA,NA,"failed:optim_code_52",0.70821089504469,327.270310968589,"converged",NA,NA,"no_comparison"
"control_pareto",1999,"p97.5",1442.169941175,572,"",NA,NA,"failed:optim_code_52",NA,NA,"failed:0",NA,NA,"no_comparison"
"control_pareto",1999,"p99",3937.22429480999,229,"",NA,NA,"failed:optim_code_52",0.301906294554331,11465.7825595655,"converged",NA,NA,"no_comparison"
"control_pareto",2000,"p90",146.3469529,2586,"",NA,NA,"failed:optim_code_52",0.656960625002716,100.873916891499,"converged",NA,NA,"no_comparison"
"control_pareto",2000,"p95",534.082148249999,1293,"",-18.5785334127222,4.20260616033861,"converged",NA,NA,"failed:0",NA,NA,"no_comparison"
"control_pareto",2000,"p97.5",1590.80404441879,647,"",NA,NA,"failed:optim_code_52",NA,NA,"failed:0",NA,NA,"no_comparison"
"control_pareto",2000,"p99",4674.17601037,259,"",-9.76391297867706,3.53919554605703,"converged",0.0621236189426454,14885.4564128446,"converged",7.84183707935797,4.44002200781638e-15,"LN"
"control_pareto",2001,"p90",148.6027556,2663,"",NA,NA,"failed:optim_code_52",0.659475812638753,101.756991471118,"converged",NA,NA,"no_comparison"
"control_pareto",2001,"p95",509.101273618859,1332,"",-17.6703027365807,4.03420560387518,"converged",0.628048220046648,336.624497848517,"converged",0.47788642966884,0.632731040527812,"neither"
"control_pareto",2001,"p97.5",1506.18437336045,666,"",NA,NA,"failed:optim_code_52",NA,NA,"failed:0",NA,NA,"no_comparison"
"control_pareto",2001,"p99",4422.85081260585,267,"",-14.3881107370799,3.85445701422643,"converged",0.26635869432709,6668.59456674009,"converged",4.30242975816698,1.68935235638972e-05,"LN"
"control_pareto",2002,"p90",150.755399163684,2737,"",-18.4071718359407,4.02485884128029,"converged",0.6374688040014,101.315848094302,"converged",-0.92057857074169,0.357270494480039,"neither"
"control_pareto",2002,"p95",522.541866999998,1369,"",-5.82279475239495,2.99106277817917,"converged",0.61374244068724,370.975527850337,"converged",1.67665137194471,0.0936106748573259,"neither"
"control_pareto",2002,"p97.5",1555.78861729308,685,"",-13.1006449981802,3.74920404736694,"converged",0.623599506174619,1015.20222658314,"converged",0.255469641814113,0.798360388171581,"neither"
"control_pareto",2002,"p99",4535.155966085,274,"",-18.8711545765561,4.46124199322531,"converged",NA,NA,"failed:0",NA,NA,"no_comparison"
"control_pareto",2003,"p90",171.2659696,2804,"",-8.73258282524074,3.1448198804539,"converged",0.605827274725702,116.321077334291,"converged",-0.952836558532807,0.340672888000485,"neither"
"control_pareto",2003,"p95",605.142215069935,1402,"",NA,NA,"failed:optim_code_52",NA,NA,"failed:0",NA,NA,"no_comparison"
"control_pareto",2003,"p97.5",1890.55594954544,701,"",NA,NA,"failed:optim_code_52",0.299186199096791,3671.8964167467,"converged",NA,NA,"no_comparison"
"control_pareto",2003,"p99",5137.6059537104,281,"",-19.6835668435202,4.50818615977303,"converged",0.313127617957628,10942.7614004019,"converged",5.88283529273275,4.03297222043414e-09,"LN"
"control_pareto",2004,"p90",223.5803933,2877,"",NA,NA,"failed:optim_code_52",0.650952493801578,149.30154975413,"converged",NA,NA,"no_comparison"
"control_pareto",2004,"p95",818.876895553847,1439,"",-20.4435688785188,4.37260041419604,"converged",NA,NA,"failed:0",NA,NA,"no_comparison"
"control_pareto",2004,"p97.5",2673.47139927922,720,"",-17.7625496563211,4.39624141762478,"converged",0.349134238308917,6615.03028576483,"converged",11.2608172041521,2.04850196724329e-29,"LN"
"control_pareto",2004,"p99",7499.73866184935,288,"",-14.6175515702214,4.0060536649481,"converged",0.261673672618816,269139.867995402,"converged",28.2073379808658,4.75314677978442e-175,"LN"
"control_pareto",2005,"p90",250.395716561761,2929,"",-20.377500467359,4.26867540364938,"converged",0.653188976122031,170.317352304808,"converged",-0.0561992852646804,0.955183050540868,"neither"
"control_pareto",2005,"p95",944.281754654631,1465,"",-18.5077252861935,4.28864590339057,"converged",NA,NA,"failed:0",NA,NA,"no_comparison"
"control_pareto",2005,"p97.5",2883.91369969457,733,"",-10.9881231054091,3.63859199664664,"converged",0.6755812539716,1877.63382762334,"converged",-0.807001339198367,0.419665711594665,"neither"
"control_pareto",2005,"p99",8458.99730713327,293,"",-15.6494564678518,4.13672646418159,"converged",0.297941515031171,14000.791145273,"converged",4.98419772466861,6.22194298356204e-07,"LN"
"control_pareto",2006,"p90",287.435058221144,2999,"",-21.960048861876,4.43819536707966,"converged",0.640044517331962,199.165075551965,"converged",-2.3897021022696,0.0168620436357553,"GPD"
"control_pareto",2006,"p95",1132.33842734167,1500,"",NA,NA,"failed:optim_code_52",NA,NA,"failed:0",NA,NA,"no_comparison"
"control_pareto",2006,"p97.5",3286.72451602017,750,"",-14.9027657147033,3.78543064089625,"converged",0.266297463935811,4661.27616511809,"converged",7.62973011714273,2.35245664799572e-14,"LN"
"control_pareto",2006,"p99",9754.03996532636,300,"",-0.664266784288866,2.70456710775547,"converged",0.256649457833129,15005.1884334037,"converged",3.9659890850624,7.30922073022264e-05,"LN"
"control_pareto",2007,"p90",345.303153,3064,"",-14.7411440435374,3.74791497398432,"converged",0.615385711045012,228.645670650882,"converged",1.00680849799649,0.314026810099176,"neither"
"control_pareto",2007,"p95",1310.363012,1532,"",NA,NA,"failed:optim_code_52",0.646806486628068,823.538002141262,"converged",NA,NA,"no_comparison"
"control_pareto",2007,"p97.5",3958.72855860059,766,"",-15.9466911580493,4.01040634894986,"converged",0.269936630993082,5873.22514904925,"converged",7.10034177798888,1.24448737332099e-12,"LN"
"control_pareto",2007,"p99",11464.6696634528,307,"",-15.2356054558237,4.0276915417668,"converged",0.275518526863367,17140.9540191194,"converged",4.59329404879671,4.36303596410057e-06,"LN"
"control_pareto",2008,"p90",414.2823679,3092,"",-21.9312679937568,4.42542443412606,"converged",0.677392474530243,274.293128245525,"converged",-0.939962514445296,0.347236788953485,"neither"
"control_pareto",2008,"p95",1592.24054505992,1546,"",NA,NA,"failed:optim_code_52",NA,NA,"failed:0",NA,NA,"no_comparison"
"control_pareto",2008,"p97.5",4572.66853699999,773,"",-14.8915016443836,4.05756145842179,"converged",0.275146771151609,9579.29212844118,"converged",9.86827343443107,5.71396397891359e-23,"LN"
"control_pareto",2008,"p99",13119.8879792192,310,"",-15.7612354189692,4.24207850852096,"converged",0.247303977097792,41955.8677196291,"converged",8.6872778223483,3.71227490507657e-18,"LN"
"control_pareto",2009,"p90",335.181829539397,3088,"",NA,NA,"failed:optim_code_52",0.69475334302945,210.735804601481,"converged",NA,NA,"no_comparison"
"control_pareto",2009,"p95",1248.51847832249,1544,"",-16.7999420401087,4.14138975934973,"converged",NA,NA,"failed:0",NA,NA,"no_comparison"
"control_pareto",2009,"p97.5",3649.88508304032,772,"",-17.967045371576,4.17697969846838,"converged",NA,NA,"failed:0",NA,NA,"no_comparison"
"control_pareto",2009,"p99",10124.8318655059,309,"",2.37092024996408,2.27370785160762,"converged",0.223947751994599,13962.701824431,"converged",3.42845660623966,0.000607023568137618,"LN"
"control_pareto",2010,"p90",370.3014772,3116,"",-9.58368400598361,3.40657178297935,"converged",0.642004202225581,268.069470358998,"converged",1.14258361974508,0.253211509666227,"neither"
"control_pareto",2010,"p95",1348.00758090898,1558,"",-10.0508521762998,3.54143873927012,"converged",NA,NA,"failed:0",NA,NA,"no_comparison"
"control_pareto",2010,"p97.5",3755.78158377673,779,"",-16.3998275531271,4.21757811292877,"converged",0.291703077363975,7032.22513223795,"converged",8.22324323150345,1.98072560202485e-16,"LN"
"control_pareto",2010,"p99",10614.1856073271,312,"",NA,NA,"failed:optim_code_52",0.263594200212669,15612.7436328559,"converged",NA,NA,"no_comparison"
"control_pareto",2011,"p90",442.3763156,3144,"",-16.898390281628,4.00563299849942,"converged",0.630767574567998,301.279557854496,"converged",0.550191411958963,0.582188093377773,"neither"
"control_pareto",2011,"p95",1627.22591176888,1572,"",-14.1912350382536,3.95819958592915,"converged",NA,NA,"failed:0",NA,NA,"no_comparison"
"control_pareto",2011,"p97.5",4431.17451119076,786,"",-9.1712857769305,3.51068429014082,"converged",0.273384000522983,7071.94495500806,"converged",7.12983291398064,1.00490839314821e-12,"LN"
"control_pareto",2011,"p99",12348.1022486301,315,"",-10.9417649477847,3.89747532371748,"converged",0.296798619919554,24585.297915453,"converged",5.47499473165748,4.37524627625802e-08,"LN"
"control_pareto",2012,"p90",443.011530925439,3151,"",NA,NA,"failed:optim_code_52",0.676855579476781,286.003652177668,"converged",NA,NA,"no_comparison"
"control_pareto",2012,"p95",1614.13301878116,1576,"",-20.4248546267952,4.43781274183072,"converged",NA,NA,"failed:0",NA,NA,"no_comparison"
"control_pareto",2012,"p97.5",4470.07348417228,788,"",-17.1725004934863,4.26623646683279,"converged",0.156410932215382,150838.567368252,"converged",44.3038414199993,0,"LN"
"control_pareto",2012,"p99",12899.8038693705,316,"",NA,NA,"failed:optim_code_52",0.360554832094951,34741.1190928209,"converged",NA,NA,"no_comparison"
"control_pareto",2013,"p90",443.916511,3184,"",-16.8743651755515,4.01321903558044,"converged",0.642548595726616,298.54691417243,"converged",-1.05709095280883,0.290470079819449,"neither"
"control_pareto",2013,"p95",1643.59212757764,1592,"",-1.91908528510762,2.63390701279674,"converged",NA,NA,"failed:0",NA,NA,"no_comparison"
"control_pareto",2013,"p97.5",4421.45479321262,796,"",-13.6547597936029,3.99546961848394,"converged",0.283797664759556,8273.77531496016,"converged",8.28670041403341,1.16433423421332e-16,"LN"
"control_pareto",2013,"p99",12393.3483970966,319,"",3.48805176214683,2.09314007605114,"converged",0.23243375480951,16450.6044126973,"converged",3.65541466870952,0.000256766606310279,"LN"
"control_pareto",2014,"p90",459.678311264526,3164,"",-18.7947109715082,4.11089350878985,"converged",0.643326023314238,294.986968429849,"converged",-1.18458650857718,0.236180973871481,"neither"
"control_pareto",2014,"p95",1685.09720539999,1582,"",-15.6165960138656,4.05729494019917,"converged",NA,NA,"failed:0",NA,NA,"no_comparison"
"control_pareto",2014,"p97.5",4561.06447248153,791,"",-17.2410027039001,4.29572558549853,"converged",0.297202458188631,9984.59866965385,"converged",10.5648448847494,4.33685058119173e-26,"LN"
"control_pareto",2014,"p99",12755.4086279932,317,"",-17.7081723908393,4.41224037049777,"converged",0.304179557485073,24666.5955566754,"converged",5.78758114071192,7.14071972699803e-09,"LN"
"control_pareto",2015,"p90",388.547603752316,3210,"",-21.2165683830229,4.28542463282433,"converged",0.661070231917137,247.20847020391,"converged",-0.954547271382188,0.339806693105135,"neither"
"control_pareto",2015,"p95",1361.42011184583,1605,"",-16.6965831735503,4.0329094475899,"converged",NA,NA,"failed:0",NA,NA,"no_comparison"
"control_pareto",2015,"p97.5",3786.29282430794,803,"",-18.6494108691618,4.31953786313441,"converged",0.285700163854292,6812.94154416083,"converged",8.53017558749738,1.46125753994692e-17,"LN"
"control_pareto",2015,"p99",10472.4191880269,321,"",-13.6816480315265,3.64431372084055,"converged",0.254154591177349,12405.7380661639,"converged",4.30788890923636,1.64820125313342e-05,"LN"
"control_pareto",2016,"p90",372.6653723,3222,"",-19.8140138837009,4.27639839310025,"converged",0.683088274025914,248.089779063712,"converged",-0.752828748761718,0.451552828703756,"neither"
"control_pareto",2016,"p95",1320.46493831157,1611,"",NA,NA,"failed:optim_code_52",NA,NA,"failed:0",NA,NA,"no_comparison"
"control_pareto",2016,"p97.5",3733.65676463377,806,"",NA,NA,"failed:optim_code_52",0.17903216777978,155714.597016687,"converged",NA,NA,"no_comparison"
"control_pareto",2016,"p99",10703.2023057735,323,"",3.79087943479467,2.13782366980238,"converged",0.244251742532133,16718.0962230747,"converged",3.8525587005336,0.00011688994262369,"LN"
"control_pareto",2017,"p90",408.088515859009,3231,"",-9.50803623420088,3.36316603306372,"converged",0.622854015224438,284.922728978192,"converged",-1.07375156966991,0.282934041360588,"neither"
"control_pareto",2017,"p95",1487.78145724862,1616,"",NA,NA,"failed:optim_code_52",NA,NA,"failed:0",NA,NA,"no_comparison"
"control_pareto",2017,"p97.5",4198.9034342041,808,"",-7.51054989767457,3.42923253851266,"converged",0.25664713517214,8142.489757455,"converged",8.12109867103259,4.61982234548726e-16,"LN"
"control_pareto",2017,"p99",12194.9746771262,324,"",-15.4890238690052,4.23531958963512,"converged",0.293061281976862,22402.5878221332,"converged",5.39429100472685,6.87946473121e-08,"LN"
"control_pareto",2018,"p90",444.439121478909,3233,"",-10.3757637535301,3.43747396035291,"converged",0.64509860139955,297.749881414668,"converged",-1.30275835682003,0.192657271915905,"neither"
"control_pareto",2018,"p95",1653.44300895,1617,"",-20.1805747636969,4.43418492257728,"converged",NA,NA,"failed:0",NA,NA,"no_comparison"
"control_pareto",2018,"p97.5",4792.55404795247,809,"",-15.6157950176691,4.07760876839898,"converged",0.287681117652242,8366.70379395417,"converged",8.53346271602068,1.42031240800081e-17,"LN"
"control_pareto",2018,"p99",13417.8403961993,324,"",NA,NA,"failed:optim_code_52",0.271488800387642,19780.7385087172,"converged",NA,NA,"no_comparison"
"control_pareto",2019,"p90",454.265533012903,3165,"",-14.0719875857748,3.83113282879903,"converged",0.695360436485796,300.988323417175,"converged",-1.44419797593509,0.148683294105916,"neither"
"control_pareto",2019,"p95",1677.6445473,1583,"",-15.7184116253965,4.04889133279245,"converged",NA,NA,"failed:0",NA,NA,"no_comparison"
"control_pareto",2019,"p97.5",4683.31825549613,792,"",-14.6549696963328,3.94853802010058,"converged",0.285166510788682,7713.5699933985,"converged",8.42860161607197,3.4982032104937e-17,"LN"
"control_pareto",2019,"p99",13142.6528985702,317,"",-13.2817282057938,3.86289781028911,"converged",0.264395014463869,18616.5473418317,"converged",4.26306821454265,2.01638929903069e-05,"LN"
